class,precision,recall,f1_score,support
Normal,0.992057761732852,0.37135135135135133,0.5404129793510325,37000
Generic,0.9984050159498405,0.9619522017911081,0.9798396890940004,18871
Exploits,0.5404061923022297,0.34180740208408195,0.4187530952511968,11132
Fuzzers,0.16533546325878595,0.4780600461893764,0.2456973293768546,6062
DoS,0.3059843518714316,0.35387625336268036,0.32819233386255386,4089
Reconnaissance,0.5280898876404494,0.8200800915331807,0.6424649859943977,3496
Analysis,0.01935706878672658,0.0827178729689808,0.03137254901960784,677
Backdoor,0.044563279857397504,0.2144082332761578,0.07378984651711924,583
Shellcode,0.03114421123899797,0.6084656084656085,0.059255442483575935,378
Worms,0.016867469879518072,0.9545454545454546,0.03314917127071823,44
