epoch,train_loss,val_loss,train_binary_accuracy,train_multiclass_accuracy,val_binary_accuracy,val_multiclass_accuracy
1,0.9918873113335915,0.8886461956160409,0.7715676210030037,0.48466471490310886,0.7909894496720844,0.4869689193042486
2,0.8675015649749237,0.8205820049558367,0.8237582854897786,0.5351190702508143,0.8382092956943257,0.5285999429712005
3,0.8186013062023422,0.7760809779167175,0.8355068882045042,0.5494848104634805,0.8577131451382949,0.5979469632164243
4,0.7860501759646394,0.765317405973162,0.8424774723394548,0.5584451795242259,0.8649558026803535,0.5398916452808669
5,0.767029378213543,0.7598179451056889,0.8445369631065992,0.5656122073938887,0.8225834046193328,0.5451382948388936
6,0.7508726577156956,0.7180591208594186,0.8478068007553579,0.569984664714903,0.833932135728543,0.5771884801824921
7,0.7324622169281673,0.7033219507762364,0.8523376804430757,0.5835392824100478,0.8606786427145708,0.5800969489592244
8,0.735353472259824,0.7024939579623086,0.8462225770883236,0.5754090465508283,0.857656116338751,0.5722269746221842
9,0.7160002984661115,0.6904340394905635,0.852819284437854,0.5891474341913489,0.8549757627601939,0.5741659538066723
10,0.7253963495921163,0.7156589780535016,0.848693966008897,0.5809538293854479,0.8376960364984317,0.5775306529797548
11,0.7137362958929685,0.7336398226874216,0.8542831071061937,0.5851995488130997,0.8480752780153977,0.5466780724265754
12,0.6991079540314412,0.6738118699618748,0.8562285337693117,0.5991026957149919,0.8698602794411178,0.6025092671799258
