rf_weight,xgb_weight,two_stream_weight,accuracy,weighted_precision,weighted_recall,weighted_f1,macro_f1
0.15000000000000002,0.1,0.75,0.7125748502994012,0.8336525055365309,0.7125748502994012,0.7450906862308613,0.4802158045991245
0.1,0.2,0.7,0.7127459366980325,0.8337319524162394,0.7127459366980325,0.7450574335512307,0.4835417892349573
0.15000000000000002,0.15000000000000002,0.7,0.712631879098945,0.8337983563042431,0.712631879098945,0.7449393165193781,0.47981867933801003
0.25,0.1,0.65,0.7110921015112632,0.8345469617862565,0.7110921015112632,0.7446642726136247,0.4776464543327804
0.2,0.15000000000000002,0.65,0.7118905047048759,0.8338763581444812,0.7118905047048759,0.7446534031547641,0.4784080065655198
0.45,0.05,0.5,0.7116623895067009,0.8325319890993363,0.7116623895067009,0.744540093589463,0.4761005361124944
0.2,0.05,0.75,0.7110921015112632,0.8336534943867521,0.7110921015112632,0.7445314943598115,0.478422543184548
0.4,0.0,0.6,0.7102936983176504,0.8339283591014331,0.7102936983176504,0.7444513360372841,0.475886446365872
0.4,0.05,0.5499999999999999,0.7110350727117194,0.8332454957014832,0.7110350727117194,0.7444279552533047,0.47560241041067003
0.25,0.15000000000000002,0.6,0.7118905047048759,0.8333982780361462,0.7118905047048759,0.7444031143805748,0.47797529635601615
0.25,0.0,0.75,0.7103507271171942,0.8336159539570112,0.7103507271171942,0.7442472569927429,0.4771467175026004
0.25,0.05,0.7,0.7101796407185629,0.8339652524691731,0.7101796407185629,0.744189855086888,0.47731890469962684
0.35000000000000003,0.05,0.5999999999999999,0.710407755916738,0.8343226191154597,0.710407755916738,0.7441689992602212,0.4755075498478264
0.2,0.0,0.8,0.709894496720844,0.8334928809941222,0.709894496720844,0.7441445227693222,0.47769121638082773
0.2,0.1,0.7000000000000001,0.7107499287140006,0.8335007152328847,0.7107499287140006,0.7440943503070051,0.47811272188946086
0.15000000000000002,0.05,0.7999999999999999,0.7104647847162817,0.8332694746916585,0.7104647847162817,0.744083908728671,0.4791809540776213
0.30000000000000004,0.0,0.7,0.7101226119190192,0.8338447659284359,0.7101226119190192,0.7440797075562462,0.4765509914980928
0.5,0.0,0.5,0.7101226119190192,0.833258539230191,0.7101226119190192,0.7439883782828296,0.47636708872193
0.30000000000000004,0.05,0.6499999999999999,0.7099515255203878,0.8338694461780578,0.7099515255203878,0.7439834557153613,0.47601447447797884
0.45,0.0,0.55,0.7101796407185629,0.8335023226578026,0.7101796407185629,0.7439786165058877,0.4759242035839323
0.30000000000000004,0.1,0.6,0.7106928999144568,0.8336175632917371,0.7106928999144568,0.743954113815117,0.4758121577256052
0.55,0.0,0.44999999999999996,0.710635871114913,0.8306416784778806,0.710635871114913,0.7438211984982045,0.4759803557131318
0.35000000000000003,0.0,0.6499999999999999,0.7097804391217565,0.8337669260007525,0.7097804391217565,0.7438026423380979,0.4758282864132248
0.35000000000000003,0.1,0.5499999999999999,0.7108639863130881,0.8322367240998308,0.7108639863130881,0.7437527953802646,0.4753251720931626
0.15000000000000002,0.2,0.6499999999999999,0.7124607927003137,0.8312110592926076,0.7124607927003137,0.7435786702387686,0.47899161152339004
0.1,0.1,0.8,0.7068149415454804,0.8339654451469554,0.7068149415454804,0.7432880541404356,0.48048611637670496
0.1,0.15000000000000002,0.75,0.7070430567436555,0.8339823426433068,0.7070430567436555,0.7432315112964174,0.4804906626857012
0.4,0.1,0.5,0.7124607927003137,0.823719424183256,0.7124607927003137,0.7422357714125769,0.47485283615378204
0.15000000000000002,0.0,0.85,0.7048189335614485,0.8332623345383049,0.7048189335614485,0.7420792267830365,0.4753189341077812
0.30000000000000004,0.15000000000000002,0.5499999999999999,0.7122897063016823,0.824216049168293,0.7122897063016823,0.7418944987122652,0.4750396210386967
0.05,0.1,0.85,0.7028799543769604,0.8337670099468588,0.7028799543769604,0.7415925936507421,0.48017221707374225
0.05,0.2,0.75,0.7028229255774165,0.8346576045238822,0.7028229255774165,0.7413831026312503,0.4791882821997396
0.1,0.05,0.85,0.7033361847733105,0.8330482774075018,0.7033361847733105,0.7413659328319566,0.4776910615270178
0.05,0.15000000000000002,0.7999999999999999,0.7025377815796977,0.833874583351563,0.7025377815796977,0.7413326911401348,0.47946620475156615
0.1,0.0,0.9,0.7019104647847163,0.8329611369209952,0.7019104647847163,0.7405803135679683,0.47517296077956556
0.05,0.05,0.8999999999999999,0.7006558311947534,0.8335075426405267,0.7006558311947534,0.7405732676093503,0.4784933196876257
0.05,0.0,0.95,0.7008269175933847,0.8333969365780218,0.7008269175933847,0.7405126598446496,0.47863864902116937
0.0,0.05,0.95,0.700484744796122,0.8333752871714767,0.700484744796122,0.7404596588964095,0.477983199627073
0.0,0.15000000000000002,0.85,0.7004277159965783,0.8340866919522044,0.7004277159965783,0.7403690131085632,0.4778333472422787
0.0,0.0,1.0,0.7008269175933847,0.8328566293586953,0.7008269175933847,0.7403143674674689,0.4751273853373008
0.0,0.1,0.9,0.7003706871970345,0.8333184296055561,0.7003706871970345,0.7402215210743822,0.4780701242634227
0.2,0.2,0.6000000000000001,0.7122897063016823,0.8202904393391686,0.7122897063016823,0.7400530045752524,0.4767565394420661
0.0,0.2,0.8,0.6991730824066154,0.8348702454195046,0.6991730824066154,0.7395133915045072,0.47653815303357394
0.05,0.25,0.7,0.7037353863701169,0.8265820996098344,0.7037353863701169,0.7386559812274306,0.479351457805641
0.0,0.25,0.75,0.6970630168234959,0.8349184743185172,0.6970630168234959,0.7378018661831126,0.47393546491961625
0.1,0.25,0.65,0.711149130310807,0.8015855305932641,0.711149130310807,0.7317930065735297,0.48172184951731606
0.25,0.2,0.55,0.7100085543199316,0.7990844262890527,0.7100085543199316,0.7299008471546016,0.47204694432163274
0.6000000000000001,0.0,0.3999999999999999,0.7000285143997719,0.7915143967922326,0.7000285143997719,0.7227641292368819,0.46489476513899286
0.5,0.05,0.45,0.700256629597947,0.790436849222732,0.700256629597947,0.7220204986068918,0.46389821252350927
0.45,0.1,0.45000000000000007,0.700998003992016,0.7832934991270718,0.700998003992016,0.7191881547154048,0.46333664940439767
0.55,0.05,0.39999999999999997,0.6995722840034218,0.7832415901894264,0.6995722840034218,0.7184025886353709,0.46414632068844225
0.15000000000000002,0.25,0.6,0.7071571143427431,0.774975346010355,0.7071571143427431,0.7178967408403486,0.47562877963265227
0.35000000000000003,0.15000000000000002,0.4999999999999999,0.7001425719988594,0.7804607753345216,0.7001425719988594,0.7173513820580165,0.4615942030071169
0.0,0.30000000000000004,0.7,0.690846877673225,0.7909332815701099,0.690846877673225,0.7145212616924784,0.4612191624676313
0.05,0.30000000000000004,0.6499999999999999,0.6938694040490447,0.7689069293849906,0.6938694040490447,0.7069569954967532,0.46266781259035367
0.1,0.30000000000000004,0.6,0.698260621613915,0.7541304846228237,0.698260621613915,0.7025779396004598,0.4669620413105794
0.5,0.1,0.4,0.6890219560878243,0.7530189948685887,0.6890219560878243,0.6958808293435393,0.44994617275918786
0.0,0.35000000000000003,0.6499999999999999,0.6873110921015113,0.7531431841455456,0.6873110921015113,0.6923475487204546,0.4515036870346393
0.65,0.0,0.35,0.6770459081836327,0.7526672591015848,0.6770459081836327,0.6911933558831242,0.4483484734112941
0.4,0.15000000000000002,0.44999999999999996,0.687368120901055,0.7449705498013725,0.687368120901055,0.6898356420502418,0.4453443318512317
0.30000000000000004,0.2,0.49999999999999994,0.6896492728828059,0.7345864713107119,0.6896492728828059,0.686018651528377,0.4546392633796959
0.2,0.25,0.55,0.6897063016823496,0.7347338226778387,0.6897063016823496,0.6856643475125632,0.45559214997471054
0.6000000000000001,0.05,0.3499999999999999,0.6725976618192187,0.7384771053966273,0.6725976618192187,0.6802069172162141,0.44198278616560155
0.7000000000000001,0.0,0.29999999999999993,0.6711719418306245,0.7337577453533044,0.6711719418306245,0.6775755073445808,0.4380031477216841
0.05,0.35000000000000003,0.5999999999999999,0.684402623324779,0.7291555801532272,0.684402623324779,0.6763819118000607,0.4465232271812146
0.15000000000000002,0.30000000000000004,0.5499999999999999,0.6861134873110921,0.7245495613459039,0.6861134873110921,0.675904602021843,0.45099199046045346
0.25,0.25,0.5,0.6825777017393784,0.7193955968143902,0.6825777017393784,0.669937567927408,0.44476053742256944
0.35000000000000003,0.2,0.4499999999999999,0.6825777017393784,0.7170852631544402,0.6825777017393784,0.6693870528621098,0.4454129015120222
0.0,0.4,0.6,0.6826347305389222,0.7192414841027157,0.6826347305389222,0.6692025920743803,0.44359157682666306
0.1,0.35000000000000003,0.55,0.6822925577416595,0.7166005340404272,0.6822925577416595,0.6671802414652246,0.4438672209671184
0.45,0.15000000000000002,0.4,0.6802395209580838,0.7134387887709462,0.6802395209580838,0.666142186562493,0.44144612632127955
0.2,0.30000000000000004,0.5,0.6818363273453094,0.7148985741915014,0.6818363273453094,0.6658579755408658,0.4434694987010898
0.30000000000000004,0.25,0.44999999999999996,0.6810379241516966,0.7124480432578953,0.6810379241516966,0.6644884908995945,0.442516937469129
0.65,0.05,0.3,0.6646706586826348,0.7143668468657923,0.6646706586826348,0.6614366451055836,0.42710684563156204
0.4,0.2,0.39999999999999997,0.6786427145708582,0.7072743090323608,0.6786427145708582,0.6603151875529317,0.4388848977479173
0.05,0.4,0.5499999999999999,0.6790419161676646,0.7079473101170165,0.6790419161676646,0.6592677453573155,0.44036488158754156
0.55,0.1,0.35,0.6643855146849159,0.7125362186188094,0.6643855146849159,0.6588273679816069,0.42586210991733375
0.15000000000000002,0.35000000000000003,0.49999999999999994,0.6779013401767893,0.707397905340471,0.6779013401767893,0.6584973041230908,0.4379440723907015
0.25,0.30000000000000004,0.44999999999999996,0.67624750499002,0.7055484966811922,0.67624750499002,0.6559871507752347,0.43473241741161284
0.0,0.45,0.55,0.6761334473909324,0.7025338982054021,0.6761334473909324,0.6543027838047435,0.4353422735291882
0.35000000000000003,0.25,0.3999999999999999,0.6754491017964072,0.7010216849460148,0.6754491017964072,0.6534775258281337,0.43422309449928226
0.75,0.0,0.25,0.6578842315369261,0.7024279974418719,0.6578842315369261,0.6533290186939926,0.41817538435348134
0.1,0.4,0.5,0.6752209865982322,0.7017154980973044,0.6752209865982322,0.6524037509486897,0.4350409384874435
0.2,0.35000000000000003,0.45,0.6746506986027944,0.6994946245573511,0.6746506986027944,0.6503907377527995,0.4341893223298411
0.30000000000000004,0.30000000000000004,0.3999999999999999,0.6696321642429427,0.6952480265968867,0.6696321642429427,0.6453625136095539,0.4278098298463438
0.05,0.45,0.49999999999999994,0.6711149130310807,0.6954686608950815,0.6711149130310807,0.645262810471978,0.43217495812359835
0.6000000000000001,0.1,0.29999999999999993,0.6573139435414884,0.6905907638234756,0.6573139435414884,0.6429207860774985,0.41452946289816783
0.5,0.15000000000000002,0.35,0.660393498716852,0.6873978375433626,0.660393498716852,0.6418941669347502,0.4277708505086892
0.15000000000000002,0.4,0.44999999999999996,0.6667807242657542,0.6931805275520657,0.6667807242657542,0.6409400533383253,0.4252363851711249
0.0,0.5,0.5,0.6634730538922156,0.6903824851619208,0.6634730538922156,0.6364661128586234,0.42103067193885424
0.25,0.35000000000000003,0.39999999999999997,0.658910749928714,0.6876560061553564,0.658910749928714,0.63296824542361,0.41347031724590666
0.45,0.2,0.35000000000000003,0.6546335899629313,0.6793600729401852,0.6546335899629313,0.6328352280539398,0.42035351558786394
0.7000000000000001,0.05,0.24999999999999994,0.645052751639578,0.6787994061136149,0.645052751639578,0.6318115050468684,0.40122955279889705
0.55,0.15000000000000002,0.29999999999999993,0.6456800684345595,0.6705797188417919,0.6456800684345595,0.6237333432732297,0.40666147902334593
0.4,0.25,0.35,0.6474479612204163,0.6735266382714611,0.6474479612204163,0.6235785073820805,0.411583376335789
0.1,0.45,0.45,0.6469347020245224,0.6840792860471979,0.6469347020245224,0.6207914843086787,0.39483957725567365
0.2,0.4,0.4,0.6395209580838324,0.6802896605998272,0.6395209580838324,0.612116999981536,0.38515334333040163
0.05,0.5,0.44999999999999996,0.6384374108925007,0.679151660768107,0.6384374108925007,0.6095740100470242,0.38340920806770046
0.0,0.55,0.44999999999999996,0.6307955517536356,0.6738308616870312,0.6307955517536356,0.5995010097553639,0.3656696007290686
0.35000000000000003,0.30000000000000004,0.34999999999999987,0.6245794126033647,0.6629071665089665,0.6245794126033647,0.5989440700242097,0.3775905455760911
0.65,0.1,0.24999999999999997,0.6205873966353008,0.6526007578230304,0.6205873966353008,0.5957051640538072,0.3706150111183283
0.5,0.2,0.3,0.6205873966353008,0.6602627637197472,0.6205873966353008,0.5952875003328727,0.37196590160505
0.15000000000000002,0.45,0.39999999999999997,0.6208155118334759,0.6633434753725825,0.6208155118334759,0.5847135265578646,0.34811307178040357
0.8,0.0,0.19999999999999996,0.5851725121186199,0.6374160365093998,0.5851725121186199,0.5763697792129134,0.347751392362322
0.30000000000000004,0.35000000000000003,0.3499999999999999,0.6055888223552894,0.6502951108717419,0.6055888223552894,0.5723937257078108,0.34346366622122043
0.1,0.5,0.4,0.6108925007128599,0.6577682051891639,0.6108925007128599,0.5703639655711089,0.32767999229748623
0.45,0.25,0.30000000000000004,0.6019389791844881,0.6433273176990849,0.6019389791844881,0.5672984507095586,0.33553889487121535
0.6000000000000001,0.15000000000000002,0.2499999999999999,0.599771884801825,0.6406594052181007,0.599771884801825,0.5636009229424381,0.3301101370381222
0.05,0.55,0.3999999999999999,0.6002851439977188,0.6518119713534135,0.6002851439977188,0.5567540031689066,0.30704702684606666
0.4,0.30000000000000004,0.29999999999999993,0.5948674080410608,0.6415175428226506,0.5948674080410608,0.5548823043948977,0.3184131048341255
0.25,0.4,0.35,0.5934987168520103,0.6388440469945176,0.5934987168520103,0.5536059482353431,0.3157715951394358
0.55,0.2,0.24999999999999994,0.5908753920729969,0.6378028742223671,0.5908753920729969,0.547734308118816,0.30989922937034026
0.75,0.05,0.2,0.5697747362418021,0.6185805061020805,0.5697747362418021,0.5461023839051097,0.31729746574896767
0.0,0.6000000000000001,0.3999999999999999,0.5903051040775592,0.6424571138313602,0.5903051040775592,0.5419761319737619,0.2951728377684413
0.35000000000000003,0.35000000000000003,0.2999999999999999,0.5843741089250071,0.6394592219851694,0.5843741089250071,0.5386901686369271,0.2967421210731948
0.2,0.45,0.35000000000000003,0.5824351297405189,0.6302366446997982,0.5824351297405189,0.5371015114237162,0.29662783902557976
0.5,0.25,0.25,0.5822640433418876,0.6363768271485676,0.5822640433418876,0.5343411406951161,0.29338456227334014
0.15000000000000002,0.5,0.35,0.5763330481893356,0.631702736378118,0.5763330481893356,0.5290091345220029,0.2888685104934852
0.7000000000000001,0.1,0.19999999999999993,0.5554034787567722,0.6166627625059611,0.5554034787567722,0.5232597680614973,0.2942919095001998
0.30000000000000004,0.4,0.29999999999999993,0.5727972626176219,0.629684565939873,0.5727972626176219,0.5228110795481266,0.279840065319633
0.45,0.30000000000000004,0.25,0.5713715426290277,0.6293665303435035,0.5713715426290277,0.5205772980648148,0.27825804729723924
0.1,0.55,0.35,0.5644710578842316,0.6218402937387569,0.5644710578842316,0.5138447806195803,0.2729586312116665
0.65,0.15000000000000002,0.19999999999999996,0.5492443684060451,0.6105225668905339,0.5492443684060451,0.5115236677144684,0.27758154648621963
0.25,0.45,0.3,0.5617336755061306,0.621342671727758,0.5617336755061306,0.5084234688637917,0.2632270868953931
0.4,0.35000000000000003,0.24999999999999994,0.5571143427430852,0.617915442969974,0.5571143427430852,0.5021580302390054,0.25792707491576194
0.05,0.6000000000000001,0.34999999999999987,0.5545480467636156,0.6145780262729758,0.5545480467636156,0.5007805750521503,0.2619491594490995
0.2,0.5,0.30000000000000004,0.5515255203877958,0.6158148932879054,0.5515255203877958,0.49633639701167864,0.2564412424063851
0.0,0.65,0.35,0.5457656116338752,0.6058591398394279,0.5457656116338752,0.49029838683430443,0.25187643750801236
0.6000000000000001,0.2,0.1999999999999999,0.5324779013401768,0.5354706744129601,0.5324779013401768,0.4893129750567198,0.2545467117292009
0.35000000000000003,0.4,0.2499999999999999,0.5405189620758483,0.6041397775104649,0.5405189620758483,0.48411465349921656,0.24315776910947692
0.15000000000000002,0.55,0.29999999999999993,0.5348731109210151,0.6025766986232293,0.5348731109210151,0.47969558606293183,0.24077884836270588
0.55,0.25,0.19999999999999996,0.5165098374679213,0.5211651601830432,0.5165098374679213,0.4688130672507923,0.23321879123436456
0.30000000000000004,0.45,0.24999999999999994,0.5231251782149986,0.526056541409215,0.5231251782149986,0.4651273400088965,0.2234607082035065
0.8500000000000001,0.0,0.1499999999999999,0.4733960650128315,0.47620192420374835,0.4733960650128315,0.4484429754688032,0.2501476434763027
0.5,0.30000000000000004,0.19999999999999996,0.49580838323353293,0.501199196616268,0.49580838323353293,0.4458845298582836,0.21271799855932966
0.75,0.1,0.15,0.477730253778158,0.4697269662739571,0.477730253778158,0.44037565649765137,0.22864915994003784
0.8,0.05,0.14999999999999997,0.47060165383518676,0.4638409404041548,0.47060165383518676,0.440370792572319,0.23888801151734654
0.7000000000000001,0.15000000000000002,0.1499999999999999,0.46928999144568007,0.45565104105739607,0.46928999144568007,0.4272973707572852,0.2089074059934694
0.65,0.2,0.14999999999999997,0.4529227259766182,0.4403984709955974,0.4529227259766182,0.408036016606099,0.19048083265521246
0.45,0.35000000000000003,0.2,0.4155688622754491,0.455992827739748,0.4155688622754491,0.3799543196250062,0.18039790745947343
0.1,0.6000000000000001,0.29999999999999993,0.41568291987453665,0.5299313158329112,0.41568291987453665,0.37680013141759955,0.18861014900528622
0.9,0.0,0.09999999999999998,0.39914456800684345,0.3945494111574306,0.39914456800684345,0.35737007655583286,0.17874721898004414
0.8500000000000001,0.05,0.09999999999999991,0.398517251211862,0.38005547473234436,0.398517251211862,0.3546039929185321,0.16791371644471625
0.8,0.1,0.09999999999999995,0.39281437125748503,0.3594096384687978,0.39281437125748503,0.3492265942627607,0.1640356442590465
0.25,0.5,0.25,0.37775876817792986,0.42953692000856275,0.37775876817792986,0.3396780001280259,0.16394235161420306
0.9500000000000001,0.0,0.04999999999999993,0.3714856002281152,0.37091519325232924,0.3714856002281152,0.32270451154552177,0.1458038523967187
0.6000000000000001,0.25,0.1499999999999999,0.3350441973196464,0.37104188275980554,0.3350441973196464,0.3122365086794604,0.1463047411034924
0.4,0.4,0.19999999999999996,0.317080125463359,0.38286819149110646,0.317080125463359,0.2899952663448913,0.1381167092081423
0.75,0.15000000000000002,0.09999999999999998,0.2844596521243228,0.30258477123043326,0.2844596521243228,0.26782758052682,0.1282425537221795
0.05,0.65,0.29999999999999993,0.3088109495295124,0.41301152112409334,0.3088109495295124,0.25727011054657156,0.13569046405763469
0.0,0.7000000000000001,0.29999999999999993,0.29694895922440834,0.3994967105857761,0.29694895922440834,0.24620347320413227,0.12777741521200398
0.55,0.30000000000000004,0.1499999999999999,0.2587966923296265,0.3109926178334249,0.2587966923296265,0.23870126572803316,0.11007676717437823
0.2,0.55,0.25,0.28548617051611064,0.329714787627331,0.28548617051611064,0.23719827706180077,0.11951164640951195
0.15000000000000002,0.6000000000000001,0.2499999999999999,0.26387225548902193,0.31473454141441093,0.26387225548902193,0.2211264706319769,0.1109220764092173
0.7000000000000001,0.2,0.09999999999999992,0.23912175648702594,0.25513620060913206,0.23912175648702594,0.22109150259509877,0.10069657556356074
0.9,0.05,0.049999999999999975,0.22725976618192187,0.21935570611405872,0.22725976618192187,0.21010799145289383,0.09464306547952088
0.1,0.65,0.25,0.2488166524094668,0.3028327275213724,0.2488166524094668,0.20968192921801396,0.10582785618069453
0.35000000000000003,0.45,0.1999999999999999,0.2350727117194183,0.2944093505795198,0.2350727117194183,0.2032292897016302,0.0994233637737396
0.05,0.7000000000000001,0.2499999999999999,0.23598517251211862,0.2919223020501674,0.23598517251211862,0.19941225353744266,0.10037093262801614
0.30000000000000004,0.5,0.19999999999999996,0.2204733390362133,0.2841498233151808,0.2204733390362133,0.19104919567699097,0.09288152786517065
0.0,0.75,0.25,0.2234958654120331,0.2841568382666806,0.2234958654120331,0.19065239876881768,0.09464147004109873
0.5,0.35000000000000003,0.14999999999999997,0.21374394069004848,0.26768449854266874,0.21374394069004848,0.18655907188641505,0.08656880119028798
0.25,0.55,0.19999999999999996,0.21100655831194753,0.27229005332074474,0.21100655831194753,0.1828873804526208,0.08692673523223994
0.65,0.25,0.09999999999999998,0.2063872255489022,0.22976484825000992,0.2063872255489022,0.17895425379972874,0.08214816310800921
0.45,0.4,0.15000000000000002,0.20536070715711435,0.2634762094940036,0.20536070715711435,0.1784005183609083,0.08202926594368971
0.2,0.6000000000000001,0.19999999999999996,0.2062161391502709,0.26909738838204444,0.2062161391502709,0.17805118739025805,0.08468310521889028
0.4,0.45,0.14999999999999997,0.1936127744510978,0.24501762170474495,0.1936127744510978,0.16291505736950565,0.07525880149628916
0.15000000000000002,0.65,0.19999999999999996,0.19366980325064156,0.2509189282194037,0.19366980325064156,0.16256743744585714,0.07675428710313423
0.6000000000000001,0.30000000000000004,0.09999999999999987,0.19013401767892785,0.21799445566045556,0.19013401767892785,0.16061321593096298,0.07124765096726146
0.1,0.7000000000000001,0.19999999999999996,0.18922155688622755,0.24768212426911035,0.18922155688622755,0.15899491034659768,0.0753846692228675
0.35000000000000003,0.5,0.1499999999999999,0.18962075848303392,0.24127382368619918,0.18962075848303392,0.1580517272829773,0.07213327652690996
0.55,0.35000000000000003,0.09999999999999992,0.17228400342172798,0.20595191475750288,0.17228400342172798,0.1409007552272891,0.06261167948108831
0.05,0.75,0.19999999999999996,0.17177074422583405,0.22319374550444693,0.17177074422583405,0.13963009237542376,0.0663855482774123
0.30000000000000004,0.55,0.1499999999999999,0.17085828343313372,0.21831105350269933,0.17085828343313372,0.1376443772258187,0.06331468902956323
0.8500000000000001,0.1,0.049999999999999906,0.1532363843741089,0.1407699908482862,0.1532363843741089,0.13645052223868692,0.058810075980869736
0.0,0.8,0.19999999999999996,0.1660108354719133,0.2181124845905632,0.1660108354719133,0.1350407032318062,0.06383589795542646
0.5,0.4,0.09999999999999998,0.16521243227830054,0.20339225732927374,0.16521243227830054,0.1339811054109033,0.05844383219046441
0.25,0.6000000000000001,0.1499999999999999,0.16338751069289992,0.21325260417196412,0.16338751069289992,0.13180354626437638,0.06070414678312339
0.2,0.65,0.15000000000000002,0.16076418591388653,0.2097703765588948,0.16076418591388653,0.1290304815077665,0.0595756789648384
0.45,0.45,0.10000000000000003,0.1587111491303108,0.19633078803993914,0.1587111491303108,0.12744605273776136,0.05579427685676356
0.15000000000000002,0.7000000000000001,0.1499999999999999,0.15397775876817793,0.20529842950601399,0.15397775876817793,0.12446381605009056,0.05751336924404795
0.1,0.75,0.15000000000000002,0.1508411747932706,0.20288299621622624,0.1508411747932706,0.12183766750729282,0.05645664650012239
0.4,0.5,0.09999999999999998,0.15072711719418305,0.19174866815476257,0.15072711719418305,0.12105848699060794,0.052956684351050574
0.05,0.8,0.1499999999999999,0.14930139720558883,0.2005868520605612,0.14930139720558883,0.12028659892049808,0.05585062256011379
0.0,0.8500000000000001,0.1499999999999999,0.1482178500142572,0.1987807860168073,0.1482178500142572,0.11895424226193745,0.054833420661253615
0.35000000000000003,0.55,0.09999999999999987,0.14610778443113773,0.1928051033548442,0.14610778443113773,0.11776468984811611,0.05201682947072559
0.30000000000000004,0.6000000000000001,0.09999999999999987,0.13954947248360422,0.19062868261447385,0.13954947248360422,0.112916558673132,0.049963263043660056
0.55,0.4,0.04999999999999993,0.13738237810094098,0.16859061614319762,0.13738237810094098,0.1119163486251348,0.04715904804770366
0.65,0.30000000000000004,0.04999999999999993,0.13390362132877104,0.1354176951959473,0.13390362132877104,0.11182059192109399,0.04808826818017679
0.8,0.15000000000000002,0.04999999999999993,0.1315084117479327,0.1178640193134664,0.1315084117479327,0.11122134545740152,0.04886076056474586
0.25,0.65,0.09999999999999998,0.13664100370687196,0.1881296508667068,0.13664100370687196,0.11019368678350287,0.04878929946314768
0.5,0.45,0.04999999999999999,0.1345309381237525,0.1733257638511464,0.1345309381237525,0.10878072915669333,0.04561111891431585
0.2,0.7000000000000001,0.09999999999999998,0.13521528371827773,0.18510835360525668,0.13521528371827773,0.10820405829342823,0.04798394953051719
0.6000000000000001,0.35000000000000003,0.04999999999999988,0.12991160536070714,0.13579400730687843,0.12991160536070714,0.10786072098179056,0.046282286557313354
0.15000000000000002,0.75,0.09999999999999998,0.13350441973196464,0.18330717959639845,0.13350441973196464,0.10726996751733303,0.04743587808207011
0.45,0.5,0.050000000000000044,0.13259195893926431,0.1732775986415648,0.13259195893926431,0.10685399017187346,0.044594327233912476
0.1,0.8,0.09999999999999998,0.1326489877388081,0.1799733085193769,0.1326489877388081,0.10607482333134996,0.04687372809978617
0.75,0.2,0.04999999999999999,0.12318220701454234,0.11295116753272763,0.12318220701454234,0.10584257241531508,0.045127389102865754
0.05,0.8500000000000001,0.09999999999999987,0.13196464214428286,0.1774435046154761,0.13196464214428286,0.10515363921071244,0.046465109508188045
0.0,0.9,0.09999999999999998,0.1315654405474765,0.1764289528538506,0.1315654405474765,0.1045806431203277,0.04607863784747858
0.4,0.55,0.04999999999999993,0.13071000855431994,0.1708604247168104,0.13071000855431994,0.10422893354484675,0.04350223365937735
0.35000000000000003,0.6000000000000001,0.04999999999999982,0.1297975477616196,0.17233110365891888,0.1297975477616196,0.10301051760836226,0.04271099312092121
0.30000000000000004,0.65,0.04999999999999993,0.12911320216709438,0.171330052847889,0.12911320216709438,0.10169343952324615,0.0424588174316005
0.25,0.7000000000000001,0.04999999999999993,0.12842885657256914,0.1681932613522922,0.12842885657256914,0.10025028792539592,0.04182869347310103
0.2,0.75,0.050000000000000044,0.1283718277730254,0.16744555229316002,0.1283718277730254,0.0999167433016026,0.04181436132625618
0.15000000000000002,0.8,0.04999999999999993,0.12751639577986884,0.16324877944555594,0.12751639577986884,0.0992807059497321,0.04127969994302611
0.7000000000000001,0.25,0.04999999999999993,0.11348731109210151,0.10915924641170946,0.11348731109210153,0.09871646110022954,0.043860075954687563
0.1,0.8500000000000001,0.04999999999999993,0.12694610778443113,0.16065084139684796,0.12694610778443113,0.09846660343230247,0.04079681024770815
0.05,0.9,0.04999999999999993,0.12660393498716851,0.1595690910383996,0.12660393498716851,0.09795167935355584,0.0409663169400037
0.0,0.9500000000000001,0.04999999999999993,0.12654690618762476,0.15899197201003526,0.12654690618762476,0.0979024354792882,0.04105851350784172
1.0,0.0,0.0,0.10248075278015398,0.09681317263527905,0.10248075278015398,0.09676312317486414,0.04407453950471094
0.45,0.55,0.0,0.12204163102366695,0.1384599086319044,0.12204163102366695,0.09439192722041558,0.037181888228278934
0.1,0.9,0.0,0.12204163102366695,0.15047239612360674,0.12204163102366695,0.0941580155090665,0.038020179520720634
0.0,1.0,0.0,0.12198460222412318,0.14933187614913762,0.12198460222412318,0.09393094930379509,0.037889933677914225
0.25,0.75,0.0,0.12192757342457941,0.15017796720638743,0.12192757342457941,0.09345655583685356,0.03718565764003241
0.2,0.8,0.0,0.1217564870259481,0.14863536177351055,0.1217564870259481,0.09311092494921756,0.03723653074370812
0.5,0.5,0.0,0.11029369831765042,0.1062373494427005,0.11029369831765042,0.08726806988552888,0.03489044740303867
0.75,0.25,0.0,0.09381237524950099,0.0853164856515153,0.09381237524950099,0.08072910586156104,0.03346047195085632
