Class,Original Precision,Weighted Precision,Precision Change,Original Recall,Weighted Recall,Recall Change,Original F1,Weighted F1,F1 Change
Normal,0.992057761732852,0.9751243781094527,-0.016933383623399245,0.37135135135135133,0.33902702702702703,-0.032324324324324305,0.5404129793510325,0.503128509545965,-0.0372844698050675
Generic,0.9984050159498405,0.9988438669896499,0.00043885103980934037,0.9619522017911081,0.9614222881670288,-0.0005299136240792812,0.9798396890940004,0.9797758876738221,-6.380142017836654e-05
Exploits,0.5404061923022297,0.32864650877073237,-0.21175968353149738,0.34180740208408195,0.4325368307581746,0.09072942867409267,0.4187530952511968,0.37350191986968156,-0.04525117538151524
Fuzzers,0.16533546325878595,0.21507845388442404,0.049742990625638084,0.4780600461893764,0.18541735400857803,-0.2926426921807984,0.2456973293768546,0.1991495393338058,-0.04654779004304879
DoS,0.3059843518714316,0.3230769230769231,0.017092571205491514,0.35387625336268036,0.29273661041819515,-0.061139642944485206,0.32819233386255386,0.3071593533487298,-0.021032980513824073
Reconnaissance,0.5280898876404494,0.2666219582295459,-0.2614679294109035,0.8200800915331807,0.7960526315789473,-0.024027459954233388,0.6424649859943977,0.3994545715516004,-0.2430104144427973
Analysis,0.01935706878672658,0.03969234995192968,0.0203352811652031,0.0827178729689808,0.42688330871491875,0.34416543574593794,0.03137254901960784,0.07263131440060316,0.04125876538099532
Backdoor,0.044563279857397504,0.052873563218390804,0.0083102833609933,0.2144082332761578,0.15780445969125215,-0.05660377358490565,0.07378984651711924,0.07920792079207921,0.005418074274959966
Shellcode,0.03114421123899797,0.12706043956043955,0.09591622832144159,0.6084656084656085,0.4894179894179894,-0.11904761904761907,0.059255442483575935,0.20174482006543076,0.14248937758185481
Worms,0.016867469879518072,0.005876303804906714,-0.010991166074611359,0.9545454545454546,0.9090909090909091,-0.045454545454545525,0.03314917127071823,0.011677127426653043,-0.02147204384406519
