Actual,Predicted,Errors
Normal,Exploits,8034
Normal,Reconnaissance,5449
Normal,Worms,4165
Normal,Fuzzers,3422
Normal,Analysis,2625
Exploits,Analysis,1869
Fuzzers,Reconnaissance,1475
DoS,Analysis,1324
Exploits,Worms,1323
Exploits,DoS,1263
Fuzzers,Worms,841
Fuzzers,Analysis,778
Fuzzers,Exploits,767
Normal,Shellcode,683
Exploits,Backdoor,669
DoS,Backdoor,566
Fuzzers,DoS,519
DoS,Exploits,465
Exploits,Reconnaissance,438
Exploits,Fuzzers,423
Generic,Exploits,351
Fuzzers,Shellcode,315
Analysis,DoS,289
Exploits,Normal,239
DoS,Worms,232
Backdoor,Analysis,213
Backdoor,DoS,213
Fuzzers,Backdoor,211
Reconnaissance,Exploits,192
Reconnaissance,DoS,124
Reconnaissance,Analysis,123
Shellcode,Reconnaissance,119
Generic,Fuzzers,109
Generic,Worms,108
DoS,Shellcode,104
DoS,Reconnaissance,103
Exploits,Shellcode,92
Reconnaissance,Backdoor,92
Analysis,Backdoor,84
Normal,DoS,70
Reconnaissance,Worms,70
Reconnaissance,Fuzzers,68
DoS,Fuzzers,53
Generic,Analysis,43
Reconnaissance,Shellcode,37
Generic,Reconnaissance,33
Backdoor,Reconnaissance,32
Fuzzers,Normal,32
DoS,Normal,32
Generic,DoS,28
Generic,Shellcode,21
Generic,Backdoor,21
Shellcode,Fuzzers,21
Backdoor,Shellcode,19
Shellcode,Worms,18
Shellcode,Analysis,17
Shellcode,Exploits,16
Generic,Normal,14
DoS,Generic,13
Backdoor,Exploits,9
Analysis,Worms,7
Analysis,Reconnaissance,6
Normal,Backdoor,5
Reconnaissance,Generic,4
Normal,Generic,3
Backdoor,Worms,3
Reconnaissance,Normal,3
Backdoor,Fuzzers,2
Analysis,Fuzzers,2
Worms,Exploits,2
Shellcode,DoS,2
Worms,Fuzzers,2
Exploits,Generic,1
